job_title,location,classification,subclassification,description
Junior EDI Consultant,Sydney,Information & Communication Technology,Consultants,Growing business. Grow your career within EDI. Located close to the metro in Baulkham Hills and onsite parking available. Great team environment
Advertising Sales Manager Australian Golf Digest - PGATour.com & GOLFTV,Sydney,Sales,New Business Development,Advertising Sales Manager wanted to sell to agencies and corporate clients. (Agent - Contract - Part time)
Senior Investment Analyst - ESG Specialist & Equities,Melbourne,Banking & Financial Services,Analysis & Reporting,Manage the firm's responsible investment framework and lead the research coverage of Australian listed equities.
"Crown Hotels Career Opportunities - Front Office, Bell & Concierge Attendant",Perth,Hospitality & Tourism,Front Office & Guest Services,Crown will offer you an opportunity to develop yourself in an environment driven to achieve service levels ‘Above All Else’.
Office support / Admin,Adelaide,Administration & Office Support,Administrative Assistants,Working with a team of emotionally intelligent leaders who strive to be the best they can. Looking for someone with a great work ethic.
Pharmacy Assistants Multiple Positions,Adelaide,Healthcare & Medical,Pharmacy,"Pharmacy Assistants, Multiple positions available!"
Office Assistant,Melbourne,Administration & Office Support,Administrative Assistants,Great role for an experienced Office Assistant looking for part time hours (4 hours per day). Close to Home. Role could go permanent in the future.
Office support / Admin,Brisbane,Administration & Office Support,Administrative Assistants,Working with a team of emotionally intelligent leaders who strive to be the best they can. Looking for someone with a great work ethic.
Office support / Admin,Melbourne,Administration & Office Support,Administrative Assistants,Working with a team of emotionally intelligent leaders who strive to be the best they can. Looking for someone with a great work ethic.
Office support / Admin,Perth,Administration & Office Support,Administrative Assistants,Working with a team of emotionally intelligent leaders who strive to be the best they can. Looking for someone with a great work ethic.
Office support / Admin,Sydney,Administration & Office Support,Administrative Assistants,Working with a team of emotionally intelligent leaders who strive to be the best they can. Looking for someone with a great work ethic.
Online Customer Support,Melbourne,Call Centre & Customer Service,Management & Support,We are looking for a dedicated Online Customer Support to join our dynamic award-winning team in a fast-paced environment with a world-class culture
Data Entry,Brisbane,Administration & Office Support,Data Entry & Word Processing,Great role with a national company. Expanding across multiple states and need someone to assist in our growth.
PM Merchandise Stocker - Seasonal Casual Ipswich Costco,Brisbane,Sales,Sales Representatives/Consultants,"Stock replenishment and straightens merchandise for sale in the warehouse. Clears and cleans aisles, assists members."
Office support / Admin,"Newcastle, Maitland & Hunter",Administration & Office Support,Administrative Assistants,Working with a team of emotionally intelligent leaders who strive to be the best they can. Looking for someone with a great work ethic.
Call Centre Consultant,Melbourne,Call Centre & Customer Service,Customer Service - Call Centre,Our client has an exciting opportunity for vibrant & enthusiastic customer service consultants to join their successful team!
AM Merchandise Stocker - Seasonal Casual Ipswich Costco,Brisbane,Sales,Other,"Stock replenishment and straightens merchandise for sale in the warehouse. Clears and cleans aisles, assists members."
Food Process Workers,Brisbane,"Manufacturing, Transport & Logistics",Assembly & Process Work,Ongoing Process and Packing work in the Western Suburbs with an immediate start. APPLY NOW!
Voice Pickers Required! Day Shift Positions,Melbourne,"Manufacturing, Transport & Logistics","Warehousing, Storage & Distribution",Voice Pickers - Day Shift *** APPLY NOW
Voice Pickers - Immediate Start,Melbourne,"Manufacturing, Transport & Logistics",Pickers & Packers,"Large and successful Pharmaceutical Distribution Centre, seeking experienced Voice Pickers for afternoon shift."
Office support / Admin,Gold Coast,Administration & Office Support,Administrative Assistants,Working with a team of emotionally intelligent leaders who strive to be the best they can. Looking for someone with a great work ethic.
KitKat Chocolatory - Chocolatier (Casual),Sydney,Trades & Services,Bakers & Pastry Chefs,We’ve opened our KitKat Chocolatory Flagship Boutique in Sydney CBD. We are looking for passionate chocolate lovers to join us!
